row_type,method_id,preset,backend,fit_mode,truth_data_used,trajectory_model_weighted_score_0_100,trajectory_model_interpretation,segment_trajectory_score_0_100,event_aware_join_score_0_100,hard_gap_honesty_score_0_100,locality_scope_score_0_100,mean_position_score_0_100,mean_velocity_evidence_score_0_100,mean_fd_kinematics_score_0_100,mean_smoothness_score_0_100,mean_plausibility_score_0_100,mean_detail_score_0_100,mean_derivative_closure_score_0_100,hard_gap_count,bridged_gap_count,bridge_frame_count,normal_join_count,normal_max_acceleration_jump_mps2,normal_max_jerk_jump_mps3,locality_note,segment_id,component_id,regime_label,trajectory_regime_bucket,t0,t1,n_observations,trajectory_model_score_0_100,position_score_0_100,velocity_evidence_score_0_100,fd_kinematics_score_0_100,smoothness_score_0_100,plausibility_score_0_100,detail_score_0_100,derivative_closure_score_0_100,velocity_weighted_rmse_3d_mps,fd_velocity_rmse_3d_mps,track_angle_median_error_deg,jerk_per_speed_rms_1_s2,snap_proxy_rms_mps4,turn_rate_p95_deg_s,velocity_detail_retention_ratio
method_summary,kalman_rts_balanced,balanced,kalman_rts,whole_track_kalman_filter_plus_rts_smoother_no_segmentation,False,93.26606597766451,excellent_trajectory_model_for_reference_free_derivative_analysis,96.89731385786739,100.0,100.0,25.0,100.0,100.0,86.45406696350751,100.0,93.319022455044,100.0,100.0,0,0,0,,,,local segmented models score higher for local wind/control analysis; whole-track smoothers remain valid baselines but are less local by design,,,,,,,,,,,,,,,,,,,,,,
segment,kalman_rts_balanced,balanced,kalman_rts,,False,,,,,,,,,,,,,,,,,,,,,kalman_rts_balanced_whole_track,4BAAD9_kalman_rts_whole_track,kalman_rts_whole_track_no_segmentation,ground,1766850172.0,1766854176.0,3728,96.89731385786739,100.0,100.0,86.45406696350751,100.0,93.319022455044,100.0,100.0,3.2148441715692266,23.208654207055382,0.7118297103955462,0.0019696641790830824,0.06877372286780128,2.09673851280109,0.9759559860600693
method_summary,kalman_rts_accurate,accurate,kalman_rts,whole_track_kalman_filter_plus_rts_smoother_no_segmentation,False,93.15980286799073,excellent_trajectory_model_for_reference_free_derivative_analysis,96.7497262055427,100.0,100.0,25.0,100.0,100.0,86.64561600856075,100.0,92.04591174409268,100.0,100.0,0,0,0,,,,local segmented models score higher for local wind/control analysis; whole-track smoothers remain valid baselines but are less local by design,,,,,,,,,,,,,,,,,,,,,,
segment,kalman_rts_accurate,accurate,kalman_rts,,False,,,,,,,,,,,,,,,,,,,,,kalman_rts_accurate_whole_track,4BAAD9_kalman_rts_whole_track,kalman_rts_whole_track_no_segmentation,ground,1766850172.0,1766854176.0,3728,96.7497262055427,100.0,100.0,86.64561600856075,100.0,92.04591174409268,100.0,100.0,3.307371540588238,23.038688918759245,0.7050453847834443,0.004254070131497113,0.42326702359966556,2.133319675031979,0.9760251468951118
method_summary,kalman_rts_smooth,smooth,kalman_rts,whole_track_kalman_filter_plus_rts_smoother_no_segmentation,False,93.36210680147065,excellent_trajectory_model_for_reference_free_derivative_analysis,97.03070389093145,100.0,100.0,25.0,100.0,100.0,86.28838332620546,100.0,94.46116113384684,100.0,100.0,0,0,0,,,,local segmented models score higher for local wind/control analysis; whole-track smoothers remain valid baselines but are less local by design,,,,,,,,,,,,,,,,,,,,,,
segment,kalman_rts_smooth,smooth,kalman_rts,,False,,,,,,,,,,,,,,,,,,,,,kalman_rts_smooth_whole_track,4BAAD9_kalman_rts_whole_track,kalman_rts_whole_track_no_segmentation,ground,1766850172.0,1766854176.0,3728,97.03070389093145,100.0,100.0,86.28838332620546,100.0,94.46116113384684,100.0,100.0,3.282208592906351,23.358536021395146,0.7875186419007876,0.0009684081751504698,0.012306976339597316,2.049963029933569,0.9755368228648581
method_summary,bea_v_spline_balanced,balanced,bea_v_spline,dynamic_piecewise_bea_v_spline_per_segment_tuned_hard_reported_C0_joins_exact_C1_post_join_harmonized,False,95.1654938620248,excellent_trajectory_model_for_reference_free_derivative_analysis,93.79117815285663,96.965379933067,100.0,100.0,96.6292917654663,99.9922217716083,86.97473060195348,100.0,100.0,62.81106325798603,100.0,0,0,0,46,1.4708893207309808,0.17379507042384804,local segmented models score higher for local wind/control analysis; whole-track smoothers remain valid baselines but are less local by design,,,,,,,,,,,,,,,,,,,,,,
segment,bea_v_spline_balanced,balanced,bea_v_spline,,False,,,,,,,,,,,,,,,,,,,,,comp_0001_seg_0001,comp_0001,descent,approach_final,1766850172.0,1766850398.0,227,90.34513826106685,95.64018895583807,100.0,79.88309440772574,100.0,100.0,40.87020481130149,100.0,1.558047678959338,29.02880475969656,0.5569205991428997,0.00010058925595992598,0.0032640115886683314,0.012674489660848384,0.190349552990514
segment,bea_v_spline_balanced,balanced,bea_v_spline,,False,,,,,,,,,,,,,,,,,,,,,comp_0001_seg_0002,comp_0001,descent,approach_final,1766850398.0,1766850763.0,366,97.9981003938117,100.0,100.0,87.48812746132303,100.0,100.0,100.0,100.0,0.9429653342247062,22.297988902496744,0.6708842100196329,0.0002471049322189742,0.0053116318615502875,0.09970124534004297,0.45477530027266444
segment,bea_v_spline_balanced,balanced,bea_v_spline,,False,,,,,,,,,,,,,,,,,,,,,comp_0001_seg_0003,comp_0001,descent,approach_final,1766850763.0,1766851029.0,265,96.83976308360529,100.0,100.0,95.76500331487266,100.0,100.0,75.17362553225648,100.0,1.6314389126062845,14.997274039367147,1.1539609081635103,0.001143067060163265,0.021570262796713934,0.0575802786417585,0.2829687889370925
segment,bea_v_spline_balanced,balanced,bea_v_spline,,False,,,,,,,,,,,,,,,,,,,,,comp_0001_seg_0004,comp_0001,climb,airborne,1766851029.0,1766851074.0,26,97.15099339391628,98.38342151872641,99.64078583844757,87.05620764344786,100.0,100.0,94.80648137796881,100.0,3.9117478918536066,20.826281044266956,0.6854950458317037,0.0011499427419487294,0.010587186370991587,0.22034583739282354,0.33597749972051577
segment,bea_v_spline_balanced,balanced,bea_v_spline,,False,,,,,,,,,,,,,,,,,,,,,comp_0001_seg_0005,comp_0001,descent,approach_final,1766851074.0,1766851097.0,22,93.50597260726124,99.1218515131213,100.0,93.4395183226259,100.0,100.0,46.61027494066528,100.0,2.6750991647453697,16.26741019277529,0.6649423813879667,0.0007246735767532699,0.005724685717686078,0.20769975712413322,0.20584774233979625
segment,bea_v_spline_balanced,balanced,bea_v_spline,,False,,,,,,,,,,,,,,,,,,,,,comp_0001_seg_0006,comp_0001,level_accel,airborne,1766851097.0,1766851119.0,21,88.72019176496728,100.0,100.0,89.74278108897919,100.0,100.0,3.61346790730604,100.0,2.6135263374990223,20.303426654680596,0.8025968374468355,0.0005605133065284353,0.005349267592330265,0.059650908439253615,0.08975636334972631
segment,bea_v_spline_balanced,balanced,bea_v_spline,,False,,,,,,,,,,,,,,,,,,,,,comp_0001_seg_0007,comp_0001,energy_constant,airborne,1766851119.0,1766851223.0,102,88.63734222269818,96.6649471588911,100.0,88.67982107751638,100.0,100.0,8.487771912286211,100.0,1.5697200700080498,21.22806099960583,0.7866647549035096,0.0002721642854784705,0.0060006156646542335,0.026495545040553632,0.10291698416317277
segment,bea_v_spline_balanced,balanced,bea_v_spline,,False,,,,,,,,,,,,,,,,,,,,,comp_0001_seg_0008,comp_0001,level_accel__turn_left_slow,airborne,1766851223.0,1766851315.0,83,98.35665156705413,99.93221901574815,100.0,89.77990803227706,100.0,100.0,100.0,100.0,5.274549957766309,20.255604174741016,0.8208374528417075,0.001773673547394384,0.020176599467293926,2.6040458532991906,0.9642235646926979
segment,bea_v_spline_balanced,balanced,bea_v_spline,,False,,,,,,,,,,,,,,,,,,,,,comp_0001_seg_0009,comp_0001,energy_constant,airborne,1766851315.0,1766851392.0,77,86.99784647425484,98.42410327596153,100.0,82.36736122080836,100.0,100.0,0.08176285810102095,100.0,2.2196084650153582,26.7979133592368,0.6099554067722215,0.0006415427267331242,0.015662351107026892,0.05484007278104815,0.08022075971687276
segment,bea_v_spline_balanced,balanced,bea_v_spline,,False,,,,,,,,,,,,,,,,,,,,,comp_0001_seg_0010,comp_0001,level_accel__turn_left_slow,airborne,1766851392.0,1766851445.0,51,92.0128460926384,60.12660336224314,100.0,79.98533555730752,100.0,100.0,100.0,100.0,8.320670394494226,28.91737968933441,2.681119574942925,0.0010295913625442432,0.013025987043043287,1.4736546683476035,0.7166572474806864
segment,bea_v_spline_balanced,balanced,bea_v_spline,,False,,,,,,,,,,,,,,,,,,,,,comp_0001_seg_0011,comp_0001,energy_constant,airborne,1766851445.0,1766851506.0,53,85.18781309127678,87.35654588995294,100.0,78.3753115753521,100.0,100.0,1.6497773242608411,100.0,1.5542022021268072,30.37360981783482,0.3673598825257064,0.00025238642479241067,0.006309705274418422,0.025793959675219587,0.08445439877550427
segment,bea_v_spline_balanced,balanced,bea_v_spline,,False,,,,,,,,,,,,,,,,,,,,,comp_0001_seg_0012,comp_0001,level_decel,airborne,1766851506.0,1766851571.0,64,87.0567387577836,95.84340300470598,100.0,77.86989007881927,100.0,100.0,10.963479846077906,100.0,1.855798886977595,30.790365827956776,0.6154802302665395,0.0002242460408900329,0.005724623049369011,0.04734726424850086,0.10960139558441034
segment,bea_v_spline_balanced,balanced,bea_v_spline,,False,,,,,,,,,,,,,,,,,,,,,comp_0001_seg_0013,comp_0001,energy_constant,airborne,1766851571.0,1766851621.0,50,87.06010541920251,96.85669598536337,100.0,82.64948994759109,100.0,100.0,2.133835093443292,100.0,2.811916199588568,26.589356773791767,0.613667358252589,0.0004400499528451352,0.0095581811919785,0.03986441556224874,0.08576135475229689
segment,bea_v_spline_balanced,balanced,bea_v_spline,,False,,,,,,,,,,,,,,,,,,,,,comp_0001_seg_0014,comp_0001,level_decel__turn_left_slow,airborne,1766851621.0,1766851652.0,29,98.31182312471488,98.05258046051266,100.0,90.90945918408337,100.0,100.0,100.0,100.0,5.35638420181561,19.27013868671527,1.719401942707959,0.0019624531699935226,0.02353953124281824,2.6196563445055707,0.7395184851707911
segment,bea_v_spline_balanced,balanced,bea_v_spline,,False,,,,,,,,,,,,,,,,,,,,,comp_0001_seg_0015,comp_0001,level_decel__turn_left_slow,airborne,1766851652.0,1766851671.0,16,98.54178213480017,100.0,100.0,90.886138342501,100.0,100.0,100.0,100.0,6.708062297774063,19.308891746561414,1.6226785578296112,0.0020882719957320195,0.018593323945273778,2.451096537721466,0.667473016729756
segment,bea_v_spline_balanced,balanced,bea_v_spline,,False,,,,,,,,,,,,,,,,,,,,,comp_0001_seg_0016,comp_0001,level_decel__turn_left_slow,airborne,1766851671.0,1766851690.0,19,88.10422697673624,100.0,100.0,80.80077799725419,100.0,100.0,11.76102497175562,100.0,2.176626849492436,28.232156653903203,0.6420024672937822,0.00155595362867907,0.02593043644911083,0.4974894523904346,0.11175476742374017
segment,bea_v_spline_balanced,balanced,bea_v_spline,,False,,,,,,,,,,,,,,,,,,,,,comp_0001_seg_0017,comp_0001,level_decel__turn_left_slow,airborne,1766851690.0,1766851739.0,45,97.89674062172269,93.14102597768968,100.0,91.99885940249939,100.0,100.0,100.0,100.0,6.014831411270115,18.270318610928044,1.8438057309863827,0.0019277813100755125,0.028267834070581078,2.2568057217190938,0.8501814299513584
segment,bea_v_spline_balanced,balanced,bea_v_spline,,False,,,,,,,,,,,,,,,,,,,,,comp_0001_seg_0018,comp_0001,level_decel__turn_left_medium,airborne,1766851739.0,1766851754.0,14,98.30474486726693,98.3815506696026,100.0,90.61849241821633,100.0,100.0,100.0,100.0,7.5136775358785615,19.47851508243192,4.592764624795173,0.0028045569398912687,0.03603579945867934,2.480744972916704,0.4846709473297262
segment,bea_v_spline_balanced,balanced,bea_v_spline,,False,,,,,,,,,,,,,,,,,,,,,comp_0001_seg_0019,comp_0001,level_decel__turn_left_slow,airborne,1766851754.0,1766851790.0,37,97.57578107293969,100.0,100.0,99.52297186974153,100.0,100.0,76.52105573781031,100.0,1.7988676209274335,11.119817282293079,1.364151100380412,0.0014728892797059461,0.017338184329757735,0.7993123283580582,0.28660685049208784
segment,bea_v_spline_balanced,balanced,bea_v_spline,,False,,,,,,,,,,,,,,,,,,,,,comp_0001_seg_0020,comp_0001,descent,approach_final,1766851790.0,1766851992.0,202,93.02569955211749,100.0,100.0,97.55958458193383,100.0,100.0,34.1616601900806,100.0,1.5671428818037105,13.392635731780635,0.9081551586972382,0.0006702533941306205,0.014499442091280816,0.12772316345882262,0.17223648251321763
segment,bea_v_spline_balanced,balanced,bea_v_spline,,False,,,,,,,,,,,,,,,,,,,,,comp_0001_seg_0021,comp_0001,climb,airborne,1766851992.0,1766852025.0,32,97.73255492891597,94.50669194932372,99.54607911483261,90.45911033954525,100.0,100.0,100.0,100.0,6.8600320476028545,17.856191402882004,1.4693060431217775,0.003312746261600831,0.025532750992748963,0.33955821505474815,0.39810075810174284
segment,bea_v_spline_balanced,balanced,bea_v_spline,,False,,,,,,,,,,,,,,,,,,,,,comp_0001_seg_0022,comp_0001,climb,airborne,1766852025.0,1766852040.0,8,93.07148201648367,100.0,100.0,100.0,100.0,100.0,30.71482016483662,100.0,2.516003587189827,7.9922686282627025,1.7648169249829553,0.0015418508045668216,0.014627254041816713,0.43408478381923427,0.16293001444505886
segment,bea_v_spline_balanced,balanced,bea_v_spline,,False,,,,,,,,,,,,,,,,,,,,,comp_0001_seg_0023,comp_0001,climb,airborne,1766852040.0,1766852077.0,13,96.39939691002094,84.39439262535045,100.0,93.10786374117015,100.0,100.0,93.74811596391655,100.0,2.54250647243941,17.368991677138656,2.153726080503649,0.000588610926781231,0.004489607460125681,0.2761960255091911,0.33311991310257466
segment,bea_v_spline_balanced,balanced,bea_v_spline,,False,,,,,,,,,,,,,,,,,,,,,comp_0001_seg_0024,comp_0001,energy_constant,airborne,1766852077.0,1766852161.0,75,92.10894379686955,99.36011190091321,100.0,85.23888334932367,100.0,100.0,45.47509032868158,100.0,1.88816062896232,24.265238832991745,1.0087442586582331,0.00040244929940840403,0.005433028746213314,0.20502385034665405,0.20278274388744025
segment,bea_v_spline_balanced,balanced,bea_v_spline,,False,,,,,,,,,,,,,,,,,,,,,comp_0001_seg_0025,comp_0001,level_accel__turn_right_slow,airborne,1766852161.0,1766852189.0,26,99.20171731833764,100.0,100.0,95.01073323961016,100.0,100.0,100.0,100.0,6.1297808723915725,15.595512123261408,1.1176851606276463,0.0024162211782006856,0.02649857424103334,2.6381784586335773,0.6611942228314356
segment,bea_v_spline_balanced,balanced,bea_v_spline,,False,,,,,,,,,,,,,,,,,,,,,comp_0001_seg_0026,comp_0001,climb__turn_right_slow,airborne,1766852189.0,1766852240.0,49,95.90169052135532,94.28100356040423,100.0,78.6748130881675,100.0,100.0,100.0,100.0,6.162846333886738,30.10744783095473,0.9511215218549869,0.0015396873914228608,0.02931137742962421,2.576427041808373,0.8345423972108198
segment,bea_v_spline_balanced,balanced,bea_v_spline,,False,,,,,,,,,,,,,,,,,,,,,comp_0001_seg_0027,comp_0001,climb,airborne,1766852240.0,1766852266.0,27,86.32493731501178,99.67677637870017,100.0,77.27327593479839,100.0,100.0,0.0,100.0,2.4494026631703134,31.34802967879382,0.42494927522928866,0.0006040234488906912,0.018901817485854885,0.060326656004906734,0.07936546503299305
segment,bea_v_spline_balanced,balanced,bea_v_spline,,False,,,,,,,,,,,,,,,,,,,,,comp_0001_seg_0028,comp_0001,climb__turn_left_slow,airborne,1766852266.0,1766852384.0,111,96.47891637052804,91.22309194212382,100.0,84.57590835920729,100.0,100.0,100.0,100.0,6.0493803365515175,24.870201873419315,1.2997157063276326,0.0012839218352399793,0.020760827929753266,1.8650836661022778,0.951052014672664
segment,bea_v_spline_balanced,balanced,bea_v_spline,,False,,,,,,,,,,,,,,,,,,,,,comp_0001_seg_0029,comp_0001,climb,airborne,1766852384.0,1766852434.0,51,88.81078512648108,96.54720172190856,100.0,87.3689076598172,100.0,100.0,12.460956942813008,100.0,2.5909843483460575,22.42270759500136,0.715669504965509,0.0004197179121531825,0.0068614453112816,0.04661362445818969,0.11364458374559512
segment,bea_v_spline_balanced,balanced,bea_v_spline,,False,,,,,,,,,,,,,,,,,,,,,comp_0001_seg_0030,comp_0001,energy_constant,airborne,1766852434.0,1766852464.0,31,87.16004530825022,100.0,100.0,82.25028317656383,100.0,100.0,0.0,100.0,2.2109349527288154,26.899023627595888,0.5658434819746518,0.0006012095407084686,0.01333705507853599,0.05189442799045038,0.07162754554495274
segment,bea_v_spline_balanced,balanced,bea_v_spline,,False,,,,,,,,,,,,,,,,,,,,,comp_0001_seg_0031,comp_0001,level_accel__turn_left_slow,airborne,1766852464.0,1766852585.0,105,98.51500690930509,100.0,100.0,90.71879318315669,100.0,100.0,100.0,100.0,5.372960126211766,19.412072202559717,0.7590417870890314,0.0013318844494033997,0.026064931682793686,2.1415535730082893,0.9722695467924262
segment,bea_v_spline_balanced,balanced,bea_v_spline,,False,,,,,,,,,,,,,,,,,,,,,comp_0001_seg_0032,comp_0001,energy_constant,airborne,1766852585.0,1766852739.0,153,85.65280745891461,91.92928173725413,100.0,78.88308531527565,100.0,100.0,0.0,100.0,1.2890844184347832,29.884154467238492,0.5792428351954448,0.00010640595876013587,0.0038764882770616826,0.017211529924552642,0.04198690089968862
segment,bea_v_spline_balanced,balanced,bea_v_spline,,False,,,,,,,,,,,,,,,,,,,,,comp_0001_seg_0033,comp_0001,descent__turn_right_slow,approach_final,1766852739.0,1766852770.0,25,97.0189808490587,96.78278809503989,100.0,83.78153923533692,100.0,100.0,100.0,100.0,4.425558520526752,25.581769902210603,1.1912931346282298,0.0013212530924775067,0.01854048048547587,1.962258603129647,0.5819610104803106
segment,bea_v_spline_balanced,balanced,bea_v_spline,,False,,,,,,,,,,,,,,,,,,,,,comp_0001_seg_0034,comp_0001,level_decel__turn_right_slow,airborne,1766852770.0,1766852804.0,29,97.62992441431632,99.08207614452597,100.0,85.87547048108243,100.0,100.0,100.0,100.0,3.962780390199998,23.692599509307335,0.8014398568446699,0.0013998229074312749,0.01596842519641299,1.846079398298296,0.5079702048037873
segment,bea_v_spline_balanced,balanced,bea_v_spline,,False,,,,,,,,,,,,,,,,,,,,,comp_0001_seg_0035,comp_0001,level_decel__turn_left_slow,airborne,1766852804.0,1766852947.0,132,97.46759116369724,100.0,100.0,84.17244477310767,100.0,100.0,100.0,100.0,6.395015443862011,25.198593083357324,0.8144100016080432,0.0013931498783575232,0.02814195688766514,1.869019389428002,0.9765709630261326
segment,bea_v_spline_balanced,balanced,bea_v_spline,,False,,,,,,,,,,,,,,,,,,,,,comp_0001_seg_0036,comp_0001,level_decel__turn_left_slow,airborne,1766852947.0,1766852996.0,35,96.87189215217167,96.76698022304464,100.0,82.87409078378938,100.0,100.0,100.0,100.0,4.47401590057944,26.36296988530709,0.7952617964339722,0.0011322269754580805,0.01598379519065168,1.569050775072404,0.7273171534313162
segment,bea_v_spline_balanced,balanced,bea_v_spline,,False,,,,,,,,,,,,,,,,,,,,,comp_0001_seg_0037,comp_0001,energy_constant,airborne,1766852996.0,1766853063.0,64,87.6795821852552,99.99740310840419,100.0,85.15839612619983,100.0,100.0,0.5455043205471086,100.0,1.6450718767763555,24.320381511161166,0.8688824450939394,0.0003015097421905598,0.005182998710429864,0.024338407005062238,0.0814728616654772
segment,bea_v_spline_balanced,balanced,bea_v_spline,,False,,,,,,,,,,,,,,,,,,,,,comp_0001_seg_0038,comp_0001,level_accel__turn_left_slow,airborne,1766853063.0,1766853403.0,316,97.56347982567836,100.0,100.0,84.7717489104896,100.0,100.0,100.0,100.0,5.763262898751003,24.671989977937354,0.760646163312632,0.0012701257538820854,0.022098074503874538,2.382629394839779,0.9763798863878874
segment,bea_v_spline_balanced,balanced,bea_v_spline,,False,,,,,,,,,,,,,,,,,,,,,comp_0001_seg_0039,comp_0001,energy_constant,airborne,1766853403.0,1766853419.0,17,86.84439073311005,100.0,100.0,80.27744208193769,100.0,100.0,0.0,100.0,0.8239825040484922,28.64807312768293,0.5737243240716496,0.000406202071515151,0.008388129464707227,0.04437030995139577,0.02550069229761754
segment,bea_v_spline_balanced,balanced,bea_v_spline,,False,,,,,,,,,,,,,,,,,,,,,comp_0001_seg_0040,comp_0001,descent,approach_final,1766853419.0,1766853472.0,54,87.57521322341455,100.0,100.0,84.84508264634086,100.0,100.0,0.0,100.0,1.0575227511090186,24.6534285631362,0.47921811266239694,0.00036423129184729635,0.007962081435383156,0.10056217671439305,0.05984344468491946
segment,bea_v_spline_balanced,balanced,bea_v_spline,,False,,,,,,,,,,,,,,,,,,,,,comp_0001_seg_0041,comp_0001,descent__turn_left_slow,approach_final,1766853472.0,1766853547.0,61,94.25348871743736,89.31054033659566,100.0,72.10139923153669,100.0,100.0,100.0,100.0,6.240611230919249,35.93040419739832,0.9310489204320774,0.001293380665357008,0.015112419975699315,1.977063897061757,0.8903794644422266
segment,bea_v_spline_balanced,balanced,bea_v_spline,,False,,,,,,,,,,,,,,,,,,,,,comp_0001_seg_0042,comp_0001,descent,approach_final,1766853547.0,1766853624.0,74,88.67379253499233,95.5907318947843,100.0,74.84213400383089,100.0,100.0,32.28163267005259,100.0,1.580979662349755,33.32795170202164,0.5541684048725656,0.00020414749352203136,0.00522581276247494,0.09039007011829944,0.16716040820914196
segment,bea_v_spline_balanced,balanced,bea_v_spline,,False,,,,,,,,,,,,,,,,,,,,,comp_0001_seg_0043,comp_0001,descent__turn_left_slow,approach_final,1766853624.0,1766853690.0,63,92.88353662130578,65.59110665231644,100.0,81.32877389392367,100.0,100.0,100.0,100.0,7.632255736215555,27.771241977578843,1.841173086948365,0.0012627193270781528,0.015493952945140221,1.8459008730859514,0.831337967236947
segment,bea_v_spline_balanced,balanced,bea_v_spline,,False,,,,,,,,,,,,,,,,,,,,,comp_0001_seg_0044,comp_0001,descent,approach_final,1766853690.0,1766853730.0,41,86.76954761121735,91.17100061863052,100.0,86.43142210613546,100.0,100.0,0.0,100.0,1.6948092457631576,23.26417519819715,0.463997311735016,0.00023647459447544882,0.004448371638560423,0.09753912846438845,0.040470816781491795
segment,bea_v_spline_balanced,balanced,bea_v_spline,,False,,,,,,,,,,,,,,,,,,,,,comp_0001_seg_0045,comp_0001,descent__turn_left_slow,approach_final,1766853730.0,1766853807.0,67,97.26950519837682,92.30665079075246,100.0,88.70441939679073,100.0,100.0,100.0,100.0,6.1739026449714425,21.25134368535625,2.2946458715442306,0.0018656066962695885,0.02772488944749529,2.20367344753905,0.9033663843570663
segment,bea_v_spline_balanced,balanced,bea_v_spline,,False,,,,,,,,,,,,,,,,,,,,,comp_0001_seg_0046,comp_0001,energy_constant__turn_left_slow,airborne,1766853807.0,1766853835.0,29,93.34774092403963,100.0,100.0,93.75367097626278,100.0,100.0,43.47153567837566,100.0,2.3962758755531066,16.74733639233853,1.1747819037994307,0.0019938487300399568,0.02218203064614352,1.2940694774510375,0.19737314633161426
segment,bea_v_spline_balanced,balanced,bea_v_spline,,False,,,,,,,,,,,,,,,,,,,,,comp_0001_seg_0047,comp_0001,level_decel,airborne,1766853835.0,1766853953.0,119,94.04665078229053,100.0,100.0,92.62493829966154,100.0,100.0,52.266606543446734,100.0,1.579120505562543,17.728897406262973,1.056976657589328,0.00045784478292675473,0.008109537220379725,0.13073773067613445,0.22111983766730617
segment,bea_v_spline_balanced,balanced,bea_v_spline,,False,,,,,,,,,,,,,,,,,,,,,comp_0001_seg_0048,comp_0001,descent,approach_final,1766853953.0,1766854176.0,199,92.92438025239561,100.0,100.0,96.19857612192789,100.0,100.0,35.326080728871226,100.0,1.9968044403868743,14.646943065464653,1.0436373301678166,0.00034959016339010537,0.006066415862007642,0.05549884803633609,0.1753804179679523
method_summary,bea_v_spline_accurate,accurate,bea_v_spline,dynamic_piecewise_bea_v_spline_per_segment_tuned_hard_reported_C0_joins_exact_C1_post_join_harmonized,False,95.49779112311113,excellent_trajectory_model_for_reference_free_derivative_analysis,94.0938843429302,97.91828663501158,100.0,100.0,98.68687339073432,100.0,87.0619559380462,100.0,100.0,63.21546585954673,100.0,0,0,0,46,1.3230244876706143,0.5657014840443162,local segmented models score higher for local wind/control analysis; whole-track smoothers remain valid baselines but are less local by design,,,,,,,,,,,,,,,,,,,,,,
segment,bea_v_spline_accurate,accurate,bea_v_spline,,False,,,,,,,,,,,,,,,,,,,,,comp_0001_seg_0001,comp_0001,descent,approach_final,1766850172.0,1766850398.0,227,90.69870948283344,97.74736451818579,100.0,79.88743913977936,100.0,100.0,41.87035478286435,100.0,1.3726251356109382,29.024833634962178,0.5590100371737085,0.0001568628402354199,0.004782132412319284,0.017171520272751352,0.19304995791373372
segment,bea_v_spline_accurate,accurate,bea_v_spline,,False,,,,,,,,,,,,,,,,,,,,,comp_0001_seg_0002,comp_0001,descent,approach_final,1766850398.0,1766850763.0,366,98.00006657255824,100.0,100.0,87.5004160784889,100.0,100.0,100.0,100.0,0.9020251995731108,22.286777340683493,0.6610829512556207,0.00035019607730628067,0.009545591744006557,0.11683918390148346,0.4551643385432817
segment,bea_v_spline_accurate,accurate,bea_v_spline,,False,,,,,,,,,,,,,,,,,,,,,comp_0001_seg_0003,comp_0001,descent,approach_final,1766850763.0,1766851029.0,265,97.08310015359359,100.0,100.0,95.7898609816703,100.0,100.0,77.56722396526324,100.0,1.4283248124193024,14.975538861528856,1.1495511536318435,0.0014156290685296304,0.028736911114800544,0.0885407358114754,0.2894315047062107
segment,bea_v_spline_accurate,accurate,bea_v_spline,,False,,,,,,,,,,,,,,,,,,,,,comp_0001_seg_0004,comp_0001,climb,airborne,1766851029.0,1766851074.0,26,95.15656835084123,100.0,100.0,87.8052577463188,100.0,100.0,71.07727111430209,100.0,2.247668889756131,20.71244152805673,0.5288622428506864,0.0016959109489295345,0.02880524199353313,0.34339360734655117,0.27190863200861565
segment,bea_v_spline_accurate,accurate,bea_v_spline,,False,,,,,,,,,,,,,,,,,,,,,comp_0001_seg_0005,comp_0001,descent,approach_final,1766851074.0,1766851097.0,22,95.49102102197637,100.0,100.0,93.7830458114632,100.0,100.0,64.85733692142227,100.0,2.506971633694095,16.2075519937383,0.7693384511516889,0.0019801416951420953,0.02783931093237493,0.29489976381355887,0.2551148096878401
segment,bea_v_spline_accurate,accurate,bea_v_spline,,False,,,,,,,,,,,,,,,,,,,,,comp_0001_seg_0006,comp_0001,level_accel,airborne,1766851097.0,1766851119.0,21,88.34060203862411,100.0,100.0,89.62876274140065,100.0,100.0,0.0,100.0,2.935460317965831,20.40398207615601,0.8651512357292395,0.001406547359148397,0.018743975482278664,0.12198528060428314,0.0782494920409547
segment,bea_v_spline_accurate,accurate,bea_v_spline,,False,,,,,,,,,,,,,,,,,,,,,comp_0001_seg_0007,comp_0001,energy_constant,airborne,1766851119.0,1766851223.0,102,88.56829830267564,100.0,100.0,88.71295337857191,100.0,100.0,3.7422576210411105,100.0,1.7905321487546642,21.1988712769595,0.8692500459430766,0.00037840301980928087,0.005472430936906424,0.04046925278023,0.090104095576811
segment,bea_v_spline_accurate,accurate,bea_v_spline,,False,,,,,,,,,,,,,,,,,,,,,comp_0001_seg_0008,comp_0001,level_accel__turn_left_slow,airborne,1766851223.0,1766851315.0,83,98.38198761407703,100.0,100.0,89.88742258798135,100.0,100.0,100.0,100.0,5.365792093023985,20.158658286451857,0.7968738854802566,0.0023678915678815755,0.058749368832207195,2.6691091638012185,0.9656868426582267
segment,bea_v_spline_accurate,accurate,bea_v_spline,,False,,,,,,,,,,,,,,,,,,,,,comp_0001_seg_0009,comp_0001,energy_constant,airborne,1766851315.0,1766851392.0,77,87.1228791195699,99.51269406302892,100.0,82.38347395004013,100.0,100.0,0.0,100.0,2.009133110807023,26.783625761475683,0.6495015669046842,0.0007350286113511567,0.019346067515707534,0.05153064470138127,0.07300703973778438
segment,bea_v_spline_accurate,accurate,bea_v_spline,,False,,,,,,,,,,,,,,,,,,,,,comp_0001_seg_0010,comp_0001,level_accel__turn_left_slow,airborne,1766851392.0,1766851445.0,51,94.96823981062832,83.8200733813681,100.0,80.68644378040078,100.0,100.0,100.0,100.0,5.671736630994702,28.29419324850644,1.5017687841317338,0.0015717018728717096,0.03867786421888497,1.6716895455698626,0.7685720840269148
segment,bea_v_spline_accurate,accurate,bea_v_spline,,False,,,,,,,,,,,,,,,,,,,,,comp_0001_seg_0011,comp_0001,energy_constant,airborne,1766851445.0,1766851506.0,53,85.65019152679282,92.57348908450516,100.0,78.38358022907622,100.0,100.0,0.0,100.0,1.9622563644233988,30.36808433094175,0.30306045195895825,0.0003269797019719729,0.0035174848883700836,0.0226300668060401,0.0768261155412437
segment,bea_v_spline_accurate,accurate,bea_v_spline,,False,,,,,,,,,,,,,,,,,,,,,comp_0001_seg_0012,comp_0001,level_decel,airborne,1766851506.0,1766851571.0,64,87.06379900878258,97.97406527587833,100.0,77.90423396939892,100.0,100.0,8.42233740573345,100.0,1.8577171280654767,30.759507508652284,0.5829150373475325,0.0004792462696889145,0.014136614981698915,0.06038750740787404,0.10274031099548031
segment,bea_v_spline_accurate,accurate,bea_v_spline,,False,,,,,,,,,,,,,,,,,,,,,comp_0001_seg_0013,comp_0001,energy_constant,airborne,1766851571.0,1766851621.0,50,87.07072671685786,98.73161055735126,100.0,82.64333406234815,100.0,100.0,0.0,100.0,2.501983055126459,26.592141341008013,0.5957277398232441,0.000822605371352821,0.01997661840520409,0.09515387494939617,0.07952169938585343
segment,bea_v_spline_accurate,accurate,bea_v_spline,,False,,,,,,,,,,,,,,,,,,,,,comp_0001_seg_0014,comp_0001,level_decel__turn_left_slow,airborne,1766851621.0,1766851652.0,29,98.5437753687989,100.0,100.0,90.89859605499302,100.0,100.0,100.0,100.0,6.194299291382836,19.243560250240776,1.0193601342438874,0.0025614892613799924,0.054735098906123214,2.3134994667335382,0.793094019030648
segment,bea_v_spline_accurate,accurate,bea_v_spline,,False,,,,,,,,,,,,,,,,,,,,,comp_0001_seg_0015,comp_0001,level_decel__turn_left_slow,airborne,1766851652.0,1766851671.0,16,98.58162064602456,100.0,100.0,91.1351290376534,100.0,100.0,100.0,100.0,6.04951173411121,19.089994186840734,1.2205685657921215,0.0024230297712064565,0.03833313103653695,2.278718354445176,0.7062947524778462
segment,bea_v_spline_accurate,accurate,bea_v_spline,,False,,,,,,,,,,,,,,,,,,,,,comp_0001_seg_0016,comp_0001,level_decel__turn_left_slow,airborne,1766851671.0,1766851690.0,19,88.2781160944093,100.0,100.0,80.79790528072098,100.0,100.0,13.50451249493922,100.0,2.3358457967712787,28.23063826041356,0.6825086591648906,0.0017008014889064859,0.04178060544790804,0.4170905285680305,0.11646218373633589
segment,bea_v_spline_accurate,accurate,bea_v_spline,,False,,,,,,,,,,,,,,,,,,,,,comp_0001_seg_0017,comp_0001,level_decel__turn_left_slow,airborne,1766851690.0,1766851739.0,45,98.79700429197216,100.0,100.0,92.48127682482587,100.0,100.0,100.0,100.0,5.189623433400153,17.84253355119622,1.3801554001300715,0.0028506948011412115,0.050352607536476794,2.5663042920353414,0.8872906030146197
segment,bea_v_spline_accurate,accurate,bea_v_spline,,False,,,,,,,,,,,,,,,,,,,,,comp_0001_seg_0018,comp_0001,level_decel__turn_left_medium,airborne,1766851739.0,1766851754.0,14,98.54939834132095,100.0,100.0,90.93373963325587,100.0,100.0,100.0,100.0,6.669510503211726,19.207969060220613,3.465982099106051,0.0035483105491605775,0.06404284100704724,2.795867035744808,0.5399723550597358
segment,bea_v_spline_accurate,accurate,bea_v_spline,,False,,,,,,,,,,,,,,,,,,,,,comp_0001_seg_0019,comp_0001,level_decel__turn_left_slow,airborne,1766851754.0,1766851790.0,37,97.97728028025273,100.0,100.0,99.56303641423949,100.0,100.0,80.47194453974403,100.0,1.6919555000127355,11.028529116483654,1.2338845055094612,0.0017680016135410658,0.02848721158139496,0.5245953940823876,0.29727425025730886
segment,bea_v_spline_accurate,accurate,bea_v_spline,,False,,,,,,,,,,,,,,,,,,,,,comp_0001_seg_0020,comp_0001,descent,approach_final,1766851790.0,1766851992.0,202,93.306295065272,100.0,100.0,97.59195633860419,100.0,100.0,36.91582051095314,100.0,1.463451344069411,13.362183658133373,0.9017983632134546,0.002297210749972434,0.0766383212759661,0.1296396035347849,0.17967271537957347
segment,bea_v_spline_accurate,accurate,bea_v_spline,,False,,,,,,,,,,,,,,,,,,,,,comp_0001_seg_0021,comp_0001,climb,airborne,1766851992.0,1766852025.0,32,98.61486166204959,100.0,100.0,91.34288538780983,100.0,100.0,100.0,100.0,5.168366157515647,17.425214395979246,1.3732875981154162,0.003997981851485724,0.05157513276473553,0.42812613726419513,0.4858439788959964
segment,bea_v_spline_accurate,accurate,bea_v_spline,,False,,,,,,,,,,,,,,,,,,,,,comp_0001_seg_0022,comp_0001,climb,airborne,1766852025.0,1766852040.0,8,95.00936156270565,100.0,100.0,100.0,100.0,100.0,50.093615627056344,100.0,2.3528458801219014,7.9031182418760935,1.562529031167244,0.0023959218476553193,0.0367146456028577,0.5336350647430611,0.21525276219305212
segment,bea_v_spline_accurate,accurate,bea_v_spline,,False,,,,,,,,,,,,,,,,,,,,,comp_0001_seg_0023,comp_0001,climb,airborne,1766852040.0,1766852077.0,13,98.5648071194187,98.74926530109221,100.0,91.96809552054764,100.0,100.0,100.0,100.0,3.8709923309225003,18.376947466312128,2.054984320262207,0.002108832774032125,0.02074400554898511,0.3810446660415992,0.5061913981682639
segment,bea_v_spline_accurate,accurate,bea_v_spline,,False,,,,,,,,,,,,,,,,,,,,,comp_0001_seg_0024,comp_0001,energy_constant,airborne,1766852077.0,1766852161.0,75,92.49208184895227,100.0,100.0,85.29053919435715,100.0,100.0,48.455955778551086,100.0,1.719649605940847,24.216224912433365,0.9867017789927324,0.0011830281755149082,0.022091669285662176,0.2408924360141367,0.21083108060208794
segment,bea_v_spline_accurate,accurate,bea_v_spline,,False,,,,,,,,,,,,,,,,,,,,,comp_0001_seg_0025,comp_0001,level_accel__turn_right_slow,airborne,1766852161.0,1766852189.0,26,99.21120148130163,100.0,100.0,95.0700092581351,100.0,100.0,100.0,100.0,5.748228346632367,15.541438442087223,1.1109224541016134,0.0025940743786657698,0.03798084564496832,2.731363567989601,0.6498197196078933
segment,bea_v_spline_accurate,accurate,bea_v_spline,,False,,,,,,,,,,,,,,,,,,,,,comp_0001_seg_0026,comp_0001,climb__turn_right_slow,airborne,1766852189.0,1766852240.0,49,96.02910420374397,95.33639171704462,100.0,78.67960748561626,100.0,100.0,100.0,100.0,6.333634718408811,30.10349777706585,1.0553467618280614,0.0015750044292016352,0.031667606118254026,2.5662631863231873,0.8363920938481268
segment,bea_v_spline_accurate,accurate,bea_v_spline,,False,,,,,,,,,,,,,,,,,,,,,comp_0001_seg_0027,comp_0001,climb,airborne,1766852240.0,1766852266.0,27,86.53381627698668,99.70491105380637,100.0,77.25209339769773,100.0,100.0,2.0889200689826657,100.0,2.6414038071322,31.36680842046381,0.4375764775029466,0.0006971784004928727,0.021447769060020185,0.017432063105900047,0.0856400841862532
segment,bea_v_spline_accurate,accurate,bea_v_spline,,False,,,,,,,,,,,,,,,,,,,,,comp_0001_seg_0028,comp_0001,climb__turn_left_slow,airborne,1766852266.0,1766852384.0,111,97.27542819405765,97.29207360681073,100.0,85.00237100775222,100.0,100.0,100.0,100.0,5.490943550955885,24.492196810942584,0.9437178406505982,0.001836296591422405,0.04229403087597221,1.9405108548818781,0.9569473788841641
segment,bea_v_spline_accurate,accurate,bea_v_spline,,False,,,,,,,,,,,,,,,,,,,,,comp_0001_seg_0029,comp_0001,climb,airborne,1766852384.0,1766852434.0,51,88.38337597881596,99.56671053167429,100.0,87.4313372736375,100.0,100.0,4.463567512330384,100.0,2.0974100526971124,22.36641725145327,0.7833429826349312,0.0003598527881554623,0.010565318181952835,0.019181085191104584,0.09205163228329204
segment,bea_v_spline_accurate,accurate,bea_v_spline,,False,,,,,,,,,,,,,,,,,,,,,comp_0001_seg_0030,comp_0001,energy_constant,airborne,1766852434.0,1766852464.0,31,87.50224623806602,100.0,100.0,82.22714024468104,100.0,100.0,3.4590379891703678,100.0,2.68817956432643,26.9196386535526,0.6116698533925498,0.0007795131555132446,0.01942530577733526,0.03428759603596322,0.08933940257076
segment,bea_v_spline_accurate,accurate,bea_v_spline,,False,,,,,,,,,,,,,,,,,,,,,comp_0001_seg_0031,comp_0001,level_accel__turn_left_slow,airborne,1766852464.0,1766852585.0,105,98.32373057596027,98.37033656052272,100.0,90.74556367935958,100.0,100.0,100.0,100.0,5.463505357306639,19.387702856166534,0.6535163235074184,0.0017108585078001483,0.05003912177243626,2.2222254286174437,0.9719500609496677
segment,bea_v_spline_accurate,accurate,bea_v_spline,,False,,,,,,,,,,,,,,,,,,,,,comp_0001_seg_0032,comp_0001,energy_constant,airborne,1766852585.0,1766852739.0,153,85.96650327014856,94.53419952154516,100.0,78.88999579726958,100.0,100.0,0.0,100.0,1.1911439575462137,29.877993907448268,0.5916833725303559,8.472047807902932e-05,0.002455952505785319,0.01989147530150361,0.03806477128282624
segment,bea_v_spline_accurate,accurate,bea_v_spline,,False,,,,,,,,,,,,,,,,,,,,,comp_0001_seg_0033,comp_0001,descent__turn_right_slow,approach_final,1766852739.0,1766852770.0,25,97.2094237778369,98.23660090721557,100.0,83.88144793106882,100.0,100.0,100.0,100.0,4.590286702903789,25.499514290352035,0.9160265810827236,0.00132218377548773,0.0239583940410717,1.9139152522294163,0.6018779156558727
segment,bea_v_spline_accurate,accurate,bea_v_spline,,False,,,,,,,,,,,,,,,,,,,,,comp_0001_seg_0034,comp_0001,level_decel__turn_right_slow,airborne,1766852770.0,1766852804.0,29,97.53331940837244,98.28625044985301,100.0,85.86855846493785,100.0,100.0,100.0,100.0,3.4602592468204185,23.69750188426928,1.1100599515177372,0.0013100600406539247,0.01642813581405555,1.6194458172742683,0.5299927795984528
segment,bea_v_spline_accurate,accurate,bea_v_spline,,False,,,,,,,,,,,,,,,,,,,,,comp_0001_seg_0035,comp_0001,level_decel__turn_left_slow,airborne,1766852804.0,1766852947.0,132,97.44594291905831,99.53193133130057,100.0,84.38819474563894,100.0,100.0,100.0,100.0,6.6686041077436435,25.007311194418676,0.7807168817940584,0.0021816792970215672,0.08425968056047492,1.8915944244671357,0.977458959204838
segment,bea_v_spline_accurate,accurate,bea_v_spline,,False,,,,,,,,,,,,,,,,,,,,,comp_0001_seg_0036,comp_0001,level_decel__turn_left_slow,airborne,1766852947.0,1766852996.0,35,97.19691730413889,99.6056076604989,100.0,82.77652740549381,100.0,100.0,100.0,100.0,4.509954980479168,26.448041788161152,0.8757297308123347,0.0017563157644131617,0.03961655948662166,1.5845505254601608,0.7296868619503578
segment,bea_v_spline_accurate,accurate,bea_v_spline,,False,,,,,,,,,,,,,,,,,,,,,comp_0001_seg_0037,comp_0001,energy_constant,airborne,1766852996.0,1766853063.0,64,87.62796401383646,100.0,100.0,85.17477508647781,100.0,100.0,0.0,100.0,1.3821140566173966,24.305855399469962,0.8873388601999553,0.00035436204860220987,0.008657406246104223,0.053960708743418656,0.07049357628602061
segment,bea_v_spline_accurate,accurate,bea_v_spline,,False,,,,,,,,,,,,,,,,,,,,,comp_0001_seg_0038,comp_0001,level_accel__turn_left_slow,airborne,1766853063.0,1766853403.0,316,97.51211131365157,99.47209729365306,100.0,84.8466227400824,100.0,100.0,100.0,100.0,5.851851358256649,24.605339809542375,0.738936812635822,0.001647278766805913,0.04544970596053544,2.3646353828405626,0.9766786159754176
segment,bea_v_spline_accurate,accurate,bea_v_spline,,False,,,,,,,,,,,,,,,,,,,,,comp_0001_seg_0039,comp_0001,energy_constant,airborne,1766853403.0,1766853419.0,17,86.85331860910803,100.0,100.0,80.33324130692512,100.0,100.0,0.0,100.0,1.196483505632565,28.59842512895302,0.5833932196961106,0.0007933485374776321,0.018494131049041226,0.01735906942001753,0.03866598839512911
segment,bea_v_spline_accurate,accurate,bea_v_spline,,False,,,,,,,,,,,,,,,,,,,,,comp_0001_seg_0040,comp_0001,descent,approach_final,1766853419.0,1766853472.0,54,87.57408858197114,100.0,100.0,84.83805363731952,100.0,100.0,0.0,100.0,0.9629561629718408,24.65961068429031,0.41622533423548147,0.0005478366859227295,0.01122214127661412,0.07198003996691918,0.06323900512102203
segment,bea_v_spline_accurate,accurate,bea_v_spline,,False,,,,,,,,,,,,,,,,,,,,,comp_0001_seg_0041,comp_0001,descent__turn_left_slow,approach_final,1766853472.0,1766853547.0,61,95.14808158110853,96.70764415161888,100.0,72.14477676821403,100.0,100.0,100.0,100.0,6.030549782940077,35.891499147105485,0.7772004826200083,0.0014561249480563305,0.018343951558181047,1.9585451740186695,0.9005774282138608
segment,bea_v_spline_accurate,accurate,bea_v_spline,,False,,,,,,,,,,,,,,,,,,,,,comp_0001_seg_0042,comp_0001,descent,approach_final,1766853547.0,1766853624.0,74,88.9068924564799,96.27505223273532,100.0,74.87289249505133,100.0,100.0,33.74223389343427,100.0,1.4491590233234029,33.309966526227036,0.5435397898859193,0.00023690955545635438,0.007848055508812141,0.06431612648212595,0.17110403151227252
segment,bea_v_spline_accurate,accurate,bea_v_spline,,False,,,,,,,,,,,,,,,,,,,,,comp_0001_seg_0043,comp_0001,descent__turn_left_slow,approach_final,1766853624.0,1766853690.0,63,96.49043998327633,94.77031100234205,100.0,81.98751664372047,100.0,100.0,100.0,100.0,5.699272244523261,27.188194273575395,1.0508038349596778,0.0017244606347414336,0.029678776969703814,2.0601388894763684,0.8765512303620642
segment,bea_v_spline_accurate,accurate,bea_v_spline,,False,,,,,,,,,,,,,,,,,,,,,comp_0001_seg_0044,comp_0001,descent,approach_final,1766853690.0,1766853730.0,41,87.34229128068161,95.8422576056508,100.0,86.50762730002185,100.0,100.0,0.0,100.0,1.6663141518894449,23.196781964481573,0.4725532268988512,0.0004373691730554729,0.01091971513361865,0.09829217474324523,0.045104445483844416
segment,bea_v_spline_accurate,accurate,bea_v_spline,,False,,,,,,,,,,,,,,,,,,,,,comp_0001_seg_0045,comp_0001,descent__turn_left_slow,approach_final,1766853730.0,1766853807.0,67,98.10371935202464,98.57570457479241,100.0,89.21646751905958,100.0,100.0,100.0,100.0,5.294167046173138,20.797547946243043,1.905055174633009,0.0022894146619430017,0.04327183716114515,2.4107982737341405,0.9111398389523074
segment,bea_v_spline_accurate,accurate,bea_v_spline,,False,,,,,,,,,,,,,,,,,,,,,comp_0001_seg_0046,comp_0001,energy_constant__turn_left_slow,airborne,1766853807.0,1766853835.0,29,92.49033770858514,100.0,100.0,93.7224785424861,100.0,100.0,34.94741141787355,100.0,2.3833458517658537,16.775578235573096,1.0376986728510014,0.0018986456793914329,0.032387972501002255,0.8897290282181957,0.17435801082825858
segment,bea_v_spline_accurate,accurate,bea_v_spline,,False,,,,,,,,,,,,,,,,,,,,,comp_0001_seg_0047,comp_0001,level_decel,airborne,1766853835.0,1766853953.0,119,94.31490703187268,100.0,100.0,92.63123334663737,100.0,100.0,54.93909696410683,100.0,1.4727963848366992,17.72331547397527,0.9939989881874671,0.0005854201288752633,0.009102592523621299,0.18151680151900185,0.22833556180308842
segment,bea_v_spline_accurate,accurate,bea_v_spline,,False,,,,,,,,,,,,,,,,,,,,,comp_0001_seg_0048,comp_0001,descent,approach_final,1766853953.0,1766854176.0,199,93.3509253887243,100.0,100.0,96.22559741146483,100.0,100.0,39.54829802889919,100.0,1.7811699338164781,14.623058924516823,1.0008793039944888,0.0005339268089440777,0.010939757630472318,0.09573130449738428,0.18678040467802778
method_summary,bea_v_spline_smooth,smooth,bea_v_spline,dynamic_piecewise_bea_v_spline_per_segment_tuned_hard_reported_C0_joins_exact_C1_post_join_harmonized,False,94.72619871953846,excellent_trajectory_model_for_reference_free_derivative_analysis,92.91013984715941,98.59081691319732,100.0,100.0,90.20889502040805,99.92206297303204,86.78585915784078,100.0,99.98697930114908,62.151865421492786,100.0,0,0,0,46,1.2186663410555878,0.2208936415187183,local segmented models score higher for local wind/control analysis; whole-track smoothers remain valid baselines but are less local by design,,,,,,,,,,,,,,,,,,,,,,
segment,bea_v_spline_smooth,smooth,bea_v_spline,,False,,,,,,,,,,,,,,,,,,,,,comp_0001_seg_0001,comp_0001,descent,approach_final,1766850172.0,1766850398.0,227,89.49863787095939,90.27441189439122,100.0,79.86770810694605,100.0,100.0,38.86875146521053,100.0,1.9068326940500855,29.042642180979044,0.5535196240566294,9.72755675427611e-05,0.0032587179931651464,0.009870655430370254,0.18494562895606842
segment,bea_v_spline_smooth,smooth,bea_v_spline,,False,,,,,,,,,,,,,,,,,,,,,comp_0001_seg_0002,comp_0001,descent,approach_final,1766850398.0,1766850763.0,366,97.99720126289183,100.0,100.0,87.48250789307393,100.0,100.0,100.0,100.0,1.043262138935304,22.30358561937121,0.655076529985119,0.0001687893293513407,0.003216249572345114,0.0852439508265787,0.4545994170069345
segment,bea_v_spline_smooth,smooth,bea_v_spline,,False,,,,,,,,,,,,,,,,,,,,,comp_0001_seg_0003,comp_0001,descent,approach_final,1766850763.0,1766851029.0,265,96.55178849053374,100.0,100.0,95.73549795660811,100.0,100.0,72.34108817476428,100.0,1.8767678043452831,15.024959818677722,1.1744663530492978,0.0007837200739734486,0.011503686218866455,0.041983501133953396,0.27532093807186353
segment,bea_v_spline_smooth,smooth,bea_v_spline,,False,,,,,,,,,,,,,,,,,,,,,comp_0001_seg_0004,comp_0001,climb,airborne,1766851029.0,1766851074.0,26,97.0742498262405,98.87144504890422,99.68447501783054,86.97490547020074,100.0,100.0,93.50486041930361,100.0,3.9257451568659025,20.86649978575391,0.7593754531682122,0.001074863354052382,0.009191591298262802,0.20663938500582074,0.33246312313211973
segment,bea_v_spline_smooth,smooth,bea_v_spline,,False,,,,,,,,,,,,,,,,,,,,,comp_0001_seg_0005,comp_0001,descent,approach_final,1766851074.0,1766851097.0,22,93.18813692842615,99.40592877861259,100.0,93.6231000107872,100.0,100.0,42.79729473266677,100.0,2.3594014907329335,16.253439278325043,0.6492254037448696,0.0010554932741298595,0.010336358860930712,0.20535292795645704,0.19555269577820028
segment,bea_v_spline_smooth,smooth,bea_v_spline,,False,,,,,,,,,,,,,,,,,,,,,comp_0001_seg_0006,comp_0001,level_accel,airborne,1766851097.0,1766851119.0,21,88.63426544496551,100.0,100.0,89.79208027503388,100.0,100.0,2.6753260096008558,100.0,2.5289082165113945,20.261654704590246,0.7760778622264557,0.000461445596892375,0.00547895819707877,0.06833344310040385,0.08722338022592231
segment,bea_v_spline_smooth,smooth,bea_v_spline,,False,,,,,,,,,,,,,,,,,,,,,comp_0001_seg_0007,comp_0001,energy_constant,airborne,1766851119.0,1766851223.0,102,88.52907898277662,91.86365151205236,100.0,88.646728933042,100.0,100.0,13.219641720436117,100.0,1.7840635364900912,21.257599107698557,0.8408676989822653,0.0002567721350464681,0.0034425754478418684,0.1097603328065289,0.11569303264517751
segment,bea_v_spline_smooth,smooth,bea_v_spline,,False,,,,,,,,,,,,,,,,,,,,,comp_0001_seg_0008,comp_0001,level_accel__turn_left_slow,airborne,1766851223.0,1766851315.0,83,94.9914296796227,72.52651864096777,100.0,89.30154651691598,100.0,100.0,100.0,100.0,6.3823846516885725,20.676443642900217,1.5290432820922017,0.0016705165790129903,0.03131353983711386,2.6123173041514334,0.9440758877356973
segment,bea_v_spline_smooth,smooth,bea_v_spline,,False,,,,,,,,,,,,,,,,,,,,,comp_0001_seg_0009,comp_0001,energy_constant,airborne,1766851315.0,1766851392.0,77,87.2762272287447,94.12192675935327,100.0,82.30066070468843,100.0,100.0,8.134903048721524,100.0,2.867716523703185,26.857041553044233,0.8237242164636681,0.00042731486072930145,0.005681105947358152,0.27507613627286626,0.10196423823154811
segment,bea_v_spline_smooth,smooth,bea_v_spline,,False,,,,,,,,,,,,,,,,,,,,,comp_0001_seg_0010,comp_0001,level_accel__turn_left_slow,airborne,1766851392.0,1766851445.0,51,86.76254497686213,21.27819874703778,97.89590809908557,78.67436043363858,100.0,100.0,100.0,100.0,11.721529737111815,30.077414079890342,4.262774710506172,0.0009311627806050199,0.02373288738256658,1.223239200566821,0.6346394126792091
segment,bea_v_spline_smooth,smooth,bea_v_spline,,False,,,,,,,,,,,,,,,,,,,,,comp_0001_seg_0011,comp_0001,energy_constant,airborne,1766851445.0,1766851506.0,53,85.16907172423329,83.17857938788731,100.0,78.34495766835623,100.0,100.0,6.524489707497985,100.0,1.8245259604029478,30.402342002827808,0.30598420800997883,0.00013351445888522146,0.0017061802409569326,0.12401005579978534,0.09761612221024456
segment,bea_v_spline_smooth,smooth,bea_v_spline,,False,,,,,,,,,,,,,,,,,,,,,comp_0001_seg_0012,comp_0001,level_decel,airborne,1766851506.0,1766851571.0,64,87.19968915824039,93.3043110157098,100.0,77.87796975015968,100.0,100.0,15.426966763296583,100.0,1.4988903590019311,30.78301439821266,0.5974352213880546,0.000287585203950377,0.008509097638196473,0.045581441328398156,0.12165281026090077
segment,bea_v_spline_smooth,smooth,bea_v_spline,,False,,,,,,,,,,,,,,,,,,,,,comp_0001_seg_0013,comp_0001,energy_constant,airborne,1766851571.0,1766851621.0,50,87.07086146581021,98.63565260584728,100.0,82.71614470692833,100.0,100.0,0.0,100.0,2.2608198987157837,26.53114086138828,0.5967581012139647,0.00019907600012059588,0.0024511901040541236,0.15644043829497656,0.06342389796397482
segment,bea_v_spline_smooth,smooth,bea_v_spline,,False,,,,,,,,,,,,,,,,,,,,,comp_0001_seg_0014,comp_0001,level_decel__turn_left_slow,airborne,1766851621.0,1766851652.0,29,97.42031277916769,91.03281149651075,100.0,90.60234624741489,100.0,100.0,100.0,100.0,5.721243485598756,19.526019229650444,2.3769682244847745,0.0019362955396090762,0.020800805713811533,2.680638173842528,0.707121594530932
segment,bea_v_spline_smooth,smooth,bea_v_spline,,False,,,,,,,,,,,,,,,,,,,,,comp_0001_seg_0015,comp_0001,level_decel__turn_left_slow,airborne,1766851652.0,1766851671.0,16,98.52345026302002,100.0,100.0,90.77156414387504,100.0,100.0,100.0,100.0,6.770857358944317,19.41379324982241,1.5662634139290263,0.0024421449418206625,0.04215166161471917,2.4579119321032086,0.6799540598351964
segment,bea_v_spline_smooth,smooth,bea_v_spline,,False,,,,,,,,,,,,,,,,,,,,,comp_0001_seg_0016,comp_0001,level_decel__turn_left_slow,airborne,1766851671.0,1766851690.0,19,88.60236247843339,100.0,100.0,80.75643594581273,100.0,100.0,16.813327271033316,100.0,2.490397127850265,28.266695047187593,0.6604204537569476,0.002436428918094661,0.06374249009512993,0.6804414570414374,0.12539598363178994
segment,bea_v_spline_smooth,smooth,bea_v_spline,,False,,,,,,,,,,,,,,,,,,,,,comp_0001_seg_0017,comp_0001,level_decel__turn_left_slow,airborne,1766851690.0,1766851739.0,45,95.6709147134951,75.46845908046599,100.0,91.34187264899475,100.0,100.0,100.0,100.0,7.179346797149084,18.8526534645871,2.9170607549465997,0.002055982724332049,0.03611834075796029,2.014794067352471,0.7920105811639959
segment,bea_v_spline_smooth,smooth,bea_v_spline,,False,,,,,,,,,,,,,,,,,,,,,comp_0001_seg_0018,comp_0001,level_decel__turn_left_medium,airborne,1766851739.0,1766851754.0,14,98.53224835947857,99.94413620363315,100.0,90.86845009401618,100.0,100.0,100.0,100.0,7.134993416144879,19.277964098452262,4.02493004564638,0.004004578664881905,0.050396677061185995,2.725494157671451,0.5056503413078993
segment,bea_v_spline_smooth,smooth,bea_v_spline,,False,,,,,,,,,,,,,,,,,,,,,comp_0001_seg_0019,comp_0001,level_decel__turn_left_slow,airborne,1766851754.0,1766851790.0,37,99.07321564829303,100.0,100.0,99.51963823111329,100.0,100.0,91.5007353131489,100.0,1.9300297344801909,11.126541017301266,1.2577683408016576,0.0019410761086532647,0.023024149697487905,0.945845364928614,0.327051985345502
segment,bea_v_spline_smooth,smooth,bea_v_spline,,False,,,,,,,,,,,,,,,,,,,,,comp_0001_seg_0020,comp_0001,descent,approach_final,1766851790.0,1766851992.0,202,92.63864395407448,100.0,100.0,97.53009678024588,100.0,100.0,30.338284692351223,100.0,1.6734371491119482,13.418488277954621,0.972135420969174,0.0006639491857551566,0.012000767846213846,0.11342972219485901,0.1619133686693483
segment,bea_v_spline_smooth,smooth,bea_v_spline,,False,,,,,,,,,,,,,,,,,,,,,comp_0001_seg_0021,comp_0001,climb,airborne,1766851992.0,1766852025.0,32,95.06418362425006,82.01758813908026,97.49390664466405,88.49279200616802,100.0,98.42015520608757,97.35501401681742,100.0,8.448661049850699,18.621394255660285,1.9177227085161097,0.0037392700860727685,0.02091143869404355,0.11556782605189386,0.342858537845407
segment,bea_v_spline_smooth,smooth,bea_v_spline,,False,,,,,,,,,,,,,,,,,,,,,comp_0001_seg_0022,comp_0001,climb,airborne,1766852025.0,1766852040.0,8,94.17494649108531,100.0,100.0,100.0,100.0,100.0,41.74946491085288,100.0,2.5999262288286156,8.021332062619251,1.7390939353866193,0.00155130398485018,0.007708899705345606,0.4229368624891438,0.19272355525930276
segment,bea_v_spline_smooth,smooth,bea_v_spline,,False,,,,,,,,,,,,,,,,,,,,,comp_0001_seg_0023,comp_0001,climb,airborne,1766852040.0,1766852077.0,13,95.96814621228708,83.15040730311954,100.0,93.171839844683,100.0,100.0,90.82602960763434,100.0,2.5935339978709635,17.311335106248627,2.0818493733746353,0.0004684279432943219,0.0032648205620880123,0.2435764993312996,0.3252302799406127
segment,bea_v_spline_smooth,smooth,bea_v_spline,,False,,,,,,,,,,,,,,,,,,,,,comp_0001_seg_0024,comp_0001,energy_constant,airborne,1766852077.0,1766852161.0,75,91.8426654639985,97.99236252341856,100.0,85.18842135889794,100.0,100.0,44.53434543764585,100.0,1.9146215781415796,24.311214982395356,0.9117456832739026,0.0002583151132412262,0.0021141964278958585,0.18534575061251882,0.20024273268164378
segment,bea_v_spline_smooth,smooth,bea_v_spline,,False,,,,,,,,,,,,,,,,,,,,,comp_0001_seg_0025,comp_0001,level_accel__turn_right_slow,airborne,1766852161.0,1766852189.0,26,99.18673192319851,100.0,100.0,94.91707451999054,100.0,100.0,100.0,100.0,6.4305989410587765,15.678171435048426,0.9775840286559938,0.002431767158582376,0.02836217935987329,2.693837225516609,0.6708377548290616
segment,bea_v_spline_smooth,smooth,bea_v_spline,,False,,,,,,,,,,,,,,,,,,,,,comp_0001_seg_0026,comp_0001,climb__turn_right_slow,airborne,1766852189.0,1766852240.0,49,92.58007902894673,67.39217139422662,100.0,78.08136538524698,100.0,100.0,100.0,100.0,8.252939887901544,30.63033568270342,1.7172101879613193,0.0015210370182215977,0.03993575621946688,2.666409372850847,0.7924162646673357
segment,bea_v_spline_smooth,smooth,bea_v_spline,,False,,,,,,,,,,,,,,,,,,,,,comp_0001_seg_0027,comp_0001,climb,airborne,1766852240.0,1766852266.0,27,86.31376997936594,99.57227238385052,100.0,77.28185808314919,100.0,100.0,0.0,100.0,2.4824295481355874,31.34042636399475,0.46851567654818166,0.0005517205702412374,0.011743870361100795,0.216565521507283,0.07800815437269906
segment,bea_v_spline_smooth,smooth,bea_v_spline,,False,,,,,,,,,,,,,,,,,,,,,comp_0001_seg_0028,comp_0001,climb__turn_left_slow,airborne,1766852266.0,1766852384.0,111,92.43982088327967,59.3047791698347,100.0,83.27029614312178,100.0,100.0,100.0,100.0,9.077094229808786,26.026436402386402,3.034114310442634,0.0008063537157924814,0.010412953258994717,1.7830701933358604,0.9340939958597082
segment,bea_v_spline_smooth,smooth,bea_v_spline,,False,,,,,,,,,,,,,,,,,,,,,comp_0001_seg_0029,comp_0001,climb,airborne,1766852384.0,1766852434.0,51,88.26540207795898,98.81801913742964,100.0,87.41786373205828,100.0,100.0,4.203815843380883,100.0,2.126617580656318,22.379237970676442,0.6588104149493543,0.0004186704746809274,0.009165641053712188,0.17125515130808558,0.09135030277712838
segment,bea_v_spline_smooth,smooth,bea_v_spline,,False,,,,,,,,,,,,,,,,,,,,,comp_0001_seg_0030,comp_0001,energy_constant,airborne,1766852434.0,1766852464.0,31,87.16535723734172,100.0,100.0,82.28348273338568,100.0,100.0,0.0,100.0,2.0621222892972875,26.869441645610184,0.5561794448725339,0.00045036510266837363,0.007571559204930731,0.21198513908412517,0.06205729162994635
segment,bea_v_spline_smooth,smooth,bea_v_spline,,False,,,,,,,,,,,,,,,,,,,,,comp_0001_seg_0031,comp_0001,level_accel__turn_left_slow,airborne,1766852464.0,1766852585.0,105,97.25713464056078,89.77347441633623,100.0,90.52698569125263,100.0,100.0,100.0,100.0,5.700244081787772,19.581409796926465,1.0276662358339224,0.0011439812205890066,0.024339240565198598,1.9466393765088352,0.9661664941871438
segment,bea_v_spline_smooth,smooth,bea_v_spline,,False,,,,,,,,,,,,,,,,,,,,,comp_0001_seg_0032,comp_0001,energy_constant,airborne,1766852585.0,1766852739.0,153,85.25334479234391,88.61794144840492,100.0,78.8699488658456,100.0,100.0,0.0,100.0,1.4883553716219002,29.895842433877842,0.5725867436445733,0.00022391988713652995,0.003902306595017724,0.16384013708615644,0.04641495633100732
segment,bea_v_spline_smooth,smooth,bea_v_spline,,False,,,,,,,,,,,,,,,,,,,,,comp_0001_seg_0033,comp_0001,descent__turn_right_slow,approach_final,1766852739.0,1766852770.0,25,96.65187254132958,93.67695743897886,100.0,83.81648530407566,100.0,100.0,100.0,100.0,4.135536783504725,25.554948264622492,1.3720183923995792,0.0013562891823817615,0.0244690820088267,1.8379709527627406,0.5622387310457014
segment,bea_v_spline_smooth,smooth,bea_v_spline,,False,,,,,,,,,,,,,,,,,,,,,comp_0001_seg_0034,comp_0001,level_decel__turn_right_slow,airborne,1766852770.0,1766852804.0,29,97.51843276252315,98.19899735807527,100.0,85.84095674721308,100.0,100.0,100.0,100.0,3.053714851231345,23.721889414734743,1.2224941140922387,0.0012906027066992374,0.014696350364379862,1.754987107149939,0.5356974652714642
segment,bea_v_spline_smooth,smooth,bea_v_spline,,False,,,,,,,,,,,,,,,,,,,,,comp_0001_seg_0035,comp_0001,level_decel__turn_left_slow,airborne,1766852804.0,1766852947.0,132,97.36266845256111,99.1756716587969,100.0,84.13492408440915,100.0,100.0,100.0,100.0,6.279380481960101,25.231885573442696,0.7445582635399667,0.0011281096742125928,0.013049899181093285,1.84151896619586,0.9751120485722047
segment,bea_v_spline_smooth,smooth,bea_v_spline,,False,,,,,,,,,,,,,,,,,,,,,comp_0001_seg_0036,comp_0001,level_decel__turn_left_slow,airborne,1766852947.0,1766852996.0,35,97.03669524813684,98.07893476350479,100.0,82.92014422822659,100.0,100.0,100.0,100.0,4.32389690533275,26.320837590161776,0.8381807507095902,0.001119619032946686,0.0210136137119486,1.5221800313873661,0.7247259875024387
segment,bea_v_spline_smooth,smooth,bea_v_spline,,False,,,,,,,,,,,,,,,,,,,,,comp_0001_seg_0037,comp_0001,energy_constant,airborne,1766852996.0,1766853063.0,64,87.7614321901425,96.98348118490004,100.0,85.13650236775491,100.0,100.0,5.015740691136881,100.0,1.789166525558988,24.339788133082077,0.8757316190490739,0.0001324832622826453,0.0009916951173580735,0.11205761047601691,0.09354249986606958
segment,bea_v_spline_smooth,smooth,bea_v_spline,,False,,,,,,,,,,,,,,,,,,,,,comp_0001_seg_0038,comp_0001,level_accel__turn_left_slow,airborne,1766853063.0,1766853403.0,316,97.3360934607515,98.22692902072143,100.0,84.6803873641557,100.0,100.0,100.0,100.0,5.818035717137042,24.75320324159122,0.8625811649398791,0.0011553875873661704,0.014815530999359295,2.3662130696109362,0.9753320052010497
segment,bea_v_spline_smooth,smooth,bea_v_spline,,False,,,,,,,,,,,,,,,,,,,,,comp_0001_seg_0039,comp_0001,energy_constant,airborne,1766853403.0,1766853419.0,17,86.84526918289879,100.0,100.0,80.28293239311732,100.0,100.0,0.0,100.0,0.8346636099453665,28.64316574095152,0.6034871478134876,0.00033073719438109206,0.005415796347523395,0.10733482919967374,0.02534843397314077
segment,bea_v_spline_smooth,smooth,bea_v_spline,,False,,,,,,,,,,,,,,,,,,,,,comp_0001_seg_0040,comp_0001,descent,approach_final,1766853419.0,1766853472.0,54,87.56892853469539,100.0,100.0,84.8058033418461,100.0,100.0,0.0,100.0,1.5972779084059257,24.693602349127204,0.6451838598796111,0.0003091087149791668,0.0030512859234867527,0.2885796698862474,0.0783823812747189
segment,bea_v_spline_smooth,smooth,bea_v_spline,,False,,,,,,,,,,,,,,,,,,,,,comp_0001_seg_0041,comp_0001,descent__turn_left_slow,approach_final,1766853472.0,1766853547.0,61,86.39985984110287,25.670985833620904,99.63628949518338,71.15505894959588,100.0,100.0,100.0,100.0,10.297581322122692,36.76786442369601,2.7142706831328107,0.0009530764715126715,0.010537625279035885,1.850811924702934,0.8302004845917532
segment,bea_v_spline_smooth,smooth,bea_v_spline,,False,,,,,,,,,,,,,,,,,,,,,comp_0001_seg_0042,comp_0001,descent,approach_final,1766853547.0,1766853624.0,74,88.08676793959953,93.8140562311457,100.0,74.77391429909974,100.0,100.0,28.652549040060695,100.0,1.9924219359865032,33.36947675052826,0.4990853137361405,0.00026588114680502315,0.002830375671788899,0.277874961641793,0.15736188240816387
segment,bea_v_spline_smooth,smooth,bea_v_spline,,False,,,,,,,,,,,,,,,,,,,,,comp_0001_seg_0043,comp_0001,descent__turn_left_slow,approach_final,1766853624.0,1766853690.0,63,86.82396190548224,18.57663407757042,98.84295465990508,80.01896235869283,100.0,100.0,100.0,100.0,10.94667346007766,28.93024328239182,3.2733279926677,0.0009407518142383862,0.013903087470029036,1.645682080248277,0.7680715791959462
segment,bea_v_spline_smooth,smooth,bea_v_spline,,False,,,,,,,,,,,,,,,,,,,,,comp_0001_seg_0044,comp_0001,descent,approach_final,1766853690.0,1766853730.0,41,86.79280896764409,91.35793760378075,100.0,86.43660284493991,100.0,100.0,0.0,100.0,1.752594313545067,23.259701607679943,0.6035969516583748,0.00046904208944928384,0.009645031541518023,0.2512047189508844,0.04703514603714057
segment,bea_v_spline_smooth,smooth,bea_v_spline,,False,,,,,,,,,,,,,,,,,,,,,comp_0001_seg_0045,comp_0001,descent__turn_left_slow,approach_final,1766853730.0,1766853807.0,67,94.9289627826971,74.33365878175823,100.0,87.55577330553808,100.0,100.0,100.0,100.0,8.73860446505726,22.265304824843735,4.151918736933599,0.0013933561274113695,0.027797778302544644,1.8948638000726394,0.8818970116353653
segment,bea_v_spline_smooth,smooth,bea_v_spline,,False,,,,,,,,,,,,,,,,,,,,,comp_0001_seg_0046,comp_0001,energy_constant__turn_left_slow,airborne,1766853807.0,1766853835.0,29,93.92086450673152,100.0,100.0,93.6898124160407,100.0,100.0,49.304945201649765,100.0,2.6935797405992337,16.80388518732327,1.4985992446440244,0.0016865463359992657,0.02025057899069019,1.1998786818631477,0.21312335204445437
segment,bea_v_spline_smooth,smooth,bea_v_spline,,False,,,,,,,,,,,,,,,,,,,,,comp_0001_seg_0047,comp_0001,level_decel,airborne,1766853835.0,1766853953.0,119,93.3965683483479,100.0,100.0,92.59324069374398,100.0,100.0,45.81649837348847,100.0,1.84383395821516,17.756965865705958,1.13033849632995,0.00042934874086127545,0.008149117552435964,0.1099795176048992,0.20370454560841886
segment,bea_v_spline_smooth,smooth,bea_v_spline,,False,,,,,,,,,,,,,,,,,,,,,comp_0001_seg_0048,comp_0001,descent,approach_final,1766853953.0,1766854176.0,199,92.19078357772428,100.0,100.0,96.1629256885953,100.0,100.0,28.04715467549023,100.0,2.2310028973390907,14.678525479016514,1.0738741239223035,0.00022278080712203076,0.0031413844783776995,0.03039601068289259,0.1557273176238236
